# Revision 1.0,13-Feb-14,Initial release,,,,,,,,,,
# Revision 1.1,14-May-14,"Added csfBGA256, csfBGA324, caBGA324, caBGA400 packages",,,,,,,,,,
# Revision 1.2,12-Sep-14,New csfBGA pinouts,,,,,,,,,,
,,,,,,,,,,,,
PAD,Pin/Ball Function,Bank,Dual Function,Differential,High Speed,,I/O Grouping,CABGA256,CABGA400,CABGA324,CSFBGA324,CSFBGA256
1,NC,-,-,-,-,,+,-,-,-,-,-
2,PL2A,5,-,True_OF_PL2B,-,,+,-,C4,B1,G12,-
3,GND,-,-,-,-,,-,-,-,-,-,-
4,PL2B,5,-,Comp_OF_PL2A,-,,-,-,C3,C2,C17,-
5,PL2C,5,-,True_OF_PL2D,-,,-,B1,F6,D3,C16,D13
6,VCCIO5,5,-,-,-,,-,-,-,-,-,-
7,PL2D,5,-,Comp_OF_PL2C,-,,-,C2,G6,C1,D15,C14
8,PL3A,5,L_GPLLT_FB,True_OF_PL3B,-,,-,D3,C2,E4,B18,B15
9,GND,-,-,-,-,,+,-,-,-,-,-
10,PL3B,5,L_GPLLC_FB,Comp_OF_PL3A,-,,+,D1,C1,F4,C18,B16
11,PL3C,5,-,True_OF_PL3D,-,,+,-,E4,E3,D16,-
12,VCC,-,-,-,-,,+,-,-,-,-,-
13,PL3D,5,-,Comp_OF_PL3C,-,,+,-,E3,F5,E14,-
14,PL4A,5,L_GPLLT_IN,True_OF_PL4B,-,,+,E2,D2,D2,D18,C15
15,NC,-,-,-,-,,+,-,-,-,-,-
16,PL4B,5,L_GPLLC_IN,Comp_OF_PL4A,-,,+,E3,D1,G5,D17,C16
17,PL4C,5,-,True_OF_PL4D,-,,+,C1,F5,F3,E16,D14
18,VCCIO5,5,-,-,-,,+,-,-,-,-,-
19,PL4D,5,-,Comp_OF_PL4C,-,,+,D2,G5,D1,E15,E13
20,PL5A,5,-,True_OF_PL5B,-,,+,-,F4,E2,E18,-
21,NC,-,-,-,-,,+,-,-,-,-,-
22,PL5B,5,-,Comp_OF_PL5A,-,,+,-,F3,E1,E17,-
23,PL5C,5,-,True_OF_PL5D,-,,+,-,H6,F2,F15,-
24,GND,-,-,-,-,,-,-,-,-,-,-
25,PL5D,5,-,Comp_OF_PL5C,-,,-,-,H7,H5,F14,-
26,PL6A,5,PCLKT5_0,True_OF_PL6B,-,,-,E1,E2,G4,F18,D15
27,VCCIO5,5,-,-,-,,-,-,-,-,-,-
28,PL6B,5,PCLKC5_0,Comp_OF_PL6A,-,,-,F2,E1,G3,F17,D16
29,PL6C,5,-,True_OF_PL6D,-,,-,F4,F2,F1,F16,F13
30,GND,-,-,-,-,,+,-,-,-,-,-
31,PL6D,5,-,Comp_OF_PL6C,-,,+,G6,F1,G6,G14,F12
32,PL7A,5,-,True_OF_PL7B,-,,+,-,G4,-,-,-
33,GND,-,-,-,-,,-,-,-,-,-,-
34,PL7B,5,-,Comp_OF_PL7A,-,,-,-,G3,-,-,-
35,PL7C,5,-,True_OF_PL7D,-,,-,G5,H3,H3,G16,E15
36,VCCIO5,5,-,-,-,,-,-,-,-,-,-
37,PL7D,5,-,Comp_OF_PL7C,-,,-,G4,H4,H4,G15,E14
38,PL8A,5,-,True_OF_PL8B,-,,-,F3,G2,G2,G17,G13
39,GND,-,-,-,-,,+,-,-,-,-,-
40,PL8B,5,-,Comp_OF_PL8A,-,,+,F1,G1,G1,G18,G14
41,PL8C,5,-,True_OF_PL8D,-,,+,-,J6,-,-,-
42,VCC,-,-,-,-,,+,-,-,-,-,-
43,PL8D,5,-,Comp_OF_PL8C,-,,+,-,J5,-,-,-
44,PL9A,5,-,True_OF_PL9B,-,,+,G2,H2,H2,H18,F14
45,VCC,-,-,-,-,,+,-,-,-,-,-
46,PL9B,5,-,Comp_OF_PL9A,-,,+,G3,H1,H1,H17,F15
47,PL9C,5,-,True_OF_PL9D,-,,+,F5,J4,H6,H15,E16
48,VCCIO5,5,-,-,-,,+,-,-,-,-,-
49,PL9D,5,-,Comp_OF_PL9C,-,,+,H6,J3,J1,H14,F16
50,PL10A,4,-,True_OF_PL10B,-,,-,G1,J2,J2,H16,G15
51,VCCIO4,4,-,-,-,,-,-,-,-,-,-
52,PL10B,4,-,Comp_OF_PL10A,-,,-,H2,J1,J5,J16,G16
53,PL10C,4,-,True_OF_PL10D,-,,-,H4,K5,J3,J15,H13
54,GND,-,-,-,-,,+,-,-,-,-,-
55,PL10D,4,-,Comp_OF_PL10C,-,,+,J6,K4,J7,J14,H14
56,PL11A,4,-,True_OF_PL11B,-,,+,H3,K2,J4,J17,H15
57,VCC,-,-,-,-,,+,-,-,-,-,-
58,NC,-,-,-,-,,+,-,-,-,-,-
59,PL11C,4,-,True_OF_PL11D,-,,+,-,K6,-,-,-
60,VCCIO4,4,-,-,-,,+,-,-,-,-,-
61,PL11B,4,-,Comp_OF_PL11A,-,,+,H1,K1,K3,J18,H16
62,PL11D,4,-,Comp_OF_PL11C,-,,+,-,K7,-,-,-
63,GND,-,-,-,-,,-,-,-,-,-,-
64,PL12A,4,PCLKT4_0,True_OF_PL12B,-,,-,J1,L1,K2,L18,J16
65,PL12B,4,PCLKC4_0,Comp_OF_PL12A,-,,-,J3,L2,J6,K18,J15
66,PL12C,4,-,True_OF_PL12D,-,,-,-,L3,-,-,-
67,NC,-,-,-,-,,-,-,-,-,-,-
68,PL12D,4,-,Comp_OF_PL12C,-,,-,-,L4,-,-,-
69,PL15A,4,-,True_OF_PL15B,-,,-,J2,M1,K1,K17,K16
70,VCCIO4,4,-,-,-,,-,-,-,-,-,-
71,PL15B,4,-,Comp_OF_PL15A,-,,-,K1,M2,L1,K16,K15
72,PL15C,4,-,True_OF_PL15D,-,,-,H5,M3,K7,K15,J13
73,VCC,-,-,-,-,,-,-,-,-,-,-
74,PL15D,4,-,Comp_OF_PL15C,-,,-,J4,M4,K5,K14,J14
75,PL16A,4,-,True_OF_PL16B,-,,-,-,L5,-,-,-
76,NC,-,-,-,-,,-,-,-,-,-,-
77,PL16B,4,-,Comp_OF_PL16A,-,,-,-,M5,-,-,-
78,PL16C,4,-,True_OF_PL16D,-,,-,J5,L6,K6,L17,L16
79,GND,-,-,-,-,,+,-,-,-,-,-
80,PL16D,4,-,Comp_OF_PL16C,-,,+,K6,L7,L3,L16,K14
81,PL17A,4,-,True_OF_PL17B,-,,+,K3,N1,K4,L15,M16
82,GND,-,-,-,-,,-,-,-,-,-,-
83,PL17B,4,-,Comp_OF_PL17A,-,,-,K2,N2,L2,L14,L15
84,PL17C,4,-,True_OF_PL17D,-,,-,-,P1,-,-,-
85,VCCIO4,4,-,-,-,,-,-,-,-,-,-
86,PL17D,4,-,Comp_OF_PL17C,-,,-,-,P2,-,-,-
87,PL18A,3,-,True_OF_PL18B,-,,+,-,N3,L4,M17,-
88,VCCIO3,3,-,-,-,,+,-,-,-,-,-
89,PL18B,3,-,Comp_OF_PL18A,-,,+,-,N4,M2,M16,-
90,PL18C,3,-,True_OF_PL18D,-,,+,-,M6,M1,M15,-
91,GND,-,-,-,-,,-,-,-,-,-,-
92,PL18D,3,-,Comp_OF_PL18C,-,,-,-,M7,L6,M14,-
93,PL19A,3,-,True_OF_PL19B,-,,-,L1,P3,N1,N18,N16
94,VCC,-,-,-,-,,-,-,-,-,-,-
95,PL19B,3,-,Comp_OF_PL19A,-,,-,L3,P4,N2,M18,M15
96,PL19C,3,-,True_OF_PL19D,-,,-,K4,R1,M3,N17,K13
97,GND,-,-,-,-,,+,-,-,-,-,-
98,PL19D,3,-,Comp_OF_PL19C,-,,+,L5,R2,L5,N16,L14
99,PL21A,3,-,True_OF_PL21B,-,,+,-,T1,-,-,-
100,VCCIO3,3,-,-,-,,+,-,-,-,-,-
101,PL21B,3,-,Comp_OF_PL21A,-,,+,-,T2,-,-,-
102,PL21C,3,-,True_OF_PL21D,-,,+,K5,N5,M5,N15,M14
103,VCC,-,-,-,-,,+,-,-,-,-,-
104,PL21D,3,-,Comp_OF_PL21C,-,,+,L4,N6,N3,N14,L13
105,PL22A,3,PCLKT3_0,True_OF_PL22B,-,,+,L2,U1,P1,P18,P16
106,VCC,-,-,-,-,,+,-,-,-,-,-
107,PL22B,3,PCLKC3_0,Comp_OF_PL22A,-,,+,M1,U2,M4,P17,N15
108,PL22C,3,-,True_OF_PL22D,-,,+,-,R3,-,-,-
109,GND,-,-,-,-,,-,-,-,-,-,-
110,PL22D,3,-,Comp_OF_PL22C,-,,-,-,R4,-,-,-
111,PL23A,3,-,True_OF_PL23B,-,,-,-,T3,R1,P16,-
112,GND,-,-,-,-,,+,-,-,-,-,-
113,PL23B,3,-,Comp_OF_PL23A,-,,+,-,T4,P3,P15,-
114,PL23C,3,-,True_OF_PL23D,-,,+,N2,V1,P2,P14,P15
115,VCCIO3,3,-,-,-,,+,-,-,-,-,-
116,PL23D,3,-,Comp_OF_PL23C,-,,+,P1,V2,M6,P13,R16
117,PL24A,3,-,True_OF_PL24B,-,,+,M3,V3,N4,R18,R15
118,VCC,-,-,-,-,,+,-,-,-,-,-
119,PL24B,3,-,Comp_OF_PL24A,-,,+,N1,V4,T1,R17,T15
120,PL24C,3,-,True_OF_PL24D,-,,+,-,P5,R2,R16,-
121,GND,-,-,-,-,,-,-,-,-,-,-
122,PL24D,3,-,Comp_OF_PL24C,-,,-,-,P6,U1,R15,-
123,PL25A,3,-,True_OF_PL25B,-,,-,M2,T5,T2,T18,M13
124,VCCIO3,3,-,-,-,,-,-,-,-,-,-
125,PL25B,3,-,Comp_OF_PL25A,-,,-,N3,R5,N5,T17,N13
126,PL25C,3,-,True_OF_PL25D,-,,-,R1,U4,P4,T16,N14
127,GND,-,-,-,-,,+,-,-,-,-,-
128,PL25D,3,-,Comp_OF_PL25C,-,,+,P2,U5,R3,T15,P14
129,VCC,-,-,-,-,,+,-,-,-,-,-
130,NC,-,-,-,-,,+,-,-,-,-,-
131,VCCIO2,2,-,-,-,,-,-,-,-,-,-
132,PB4A,2,-,True_OF_PB4B,-,,-,P4,W1,V2,U18,P13
133,GND,-,-,-,-,,+,-,-,-,-,-
134,PB4B,2,-,Comp_OF_PB4A,-,,+,T4,Y1,U3,V17,R14
135,PB4C,2,-,True_OF_PB4D,-,,+,T2,R6,R4,U17,N12
136,VCCIO2,2,-,-,-,,+,-,-,-,-,-
137,PB4D,2,-,Comp_OF_PB4C,-,,+,R3,T6,P6,U16,M12
138,NC,-,-,-,-,,+,-,-,-,-,-
139,PB6A,2,CSSPIN,True_OF_PB6B,-,,+,R5,W2,T3,V16,T13
140,GND,-,-,-,-,,-,-,-,-,-,-
141,PB6B,2,-,Comp_OF_PB6A,-,,-,P5,Y2,U4,V15,T14
142,PB6C,2,-,True_OF_PB6D,-,,-,-,P7,P5,U15,-
143,VCC,-,-,-,-,,-,-,-,-,-,-
144,PB6D,2,-,Comp_OF_PB6C,-,,-,-,R7,R6,T14,-
145,PB7C,2,-,True_OF_PB7D,-,,-,-,V6,R5,R14,-
146,VCC,-,-,-,-,,-,-,-,-,-,-
147,PB7D,2,-,Comp_OF_PB7C,-,,-,-,U6,T4,R13,-
148,PB7A,2,-,True_OF_PB7B,-,,-,T3,W3,V3,U14,P12
149,VCCIO2,2,-,-,-,,-,-,-,-,-,-
150,PB7B,2,-,Comp_OF_PB7A,-,,-,R4,Y3,V4,V14,R13
151,PB9A,2,-,True_OF_PB9B,-,,-,T5,W4,T5,V13,M11
152,GND,-,-,-,-,,+,-,-,-,-,-
153,PB9B,2,-,Comp_OF_PB9A,-,,+,R6,Y4,U5,U13,N11
154,PB9C,2,-,True_OF_PB9D,-,,+,-,P8,N7,T13,-
155,GND,-,-,-,-,,-,-,-,-,-,-
156,PB9D,2,-,Comp_OF_PB9C,-,,-,-,R8,P7,M12,-
157,PB10C,2,-,True_OF_PB10D,-,,-,-,T7,-,-,-
158,VCCIO2,2,-,-,-,,-,-,-,-,-,-
159,PB10D,2,-,Comp_OF_PB10C,-,,-,-,T8,-,-,-
160,PB10A,2,-,True_OF_PB10B,-,,-,N6,W5,N8,N12,R12
161,VCCIO2,2,-,-,-,,-,-,-,-,-,-
162,PB10B,2,-,Comp_OF_PB10A,-,,-,L7,Y5,R7,P12,P11
163,NC,-,-,-,-,,-,-,-,-,-,-
164,PB12A,2,MCLK/CCLK,True_OF_PB12B,-,,-,P6,W6,T6,R12,T12
165,GND,-,-,-,-,,+,-,-,-,-,-
166,PB12B,2,SO/SPISO,Comp_OF_PB12A,-,,+,T6,Y6,U6,T12,R11
167,PB12C,2,-,True_OF_PB12D,-,,+,-,P9,-,-,-
168,NC,-,-,-,-,,+,-,-,-,-,-
169,GND,-,-,-,-,,-,-,-,-,-,-
170,PB12D,2,-,Comp_OF_PB12C,-,,-,-,R9,-,-,-
171,PB13A,2,-,True_OF_PB13B,-,,-,R7,W7,V5,U12,N10
172,VCC,-,-,-,-,,-,-,-,-,-,-
173,PB13B,2,-,Comp_OF_PB13A,-,,-,P7,Y7,V6,V12,M10
174,PB13C,2,-,True_OF_PB13D,-,,-,M7,V8,T7,M11,P10
175,VCCIO2,2,-,-,-,,-,-,-,-,-,-
176,PB13D,2,-,Comp_OF_PB13C,-,,-,N7,U9,P8,N11,R10
177,PB15C,2,-,True_OF_PB15D,-,,-,-,V9,U7,T11,-
178,VCCIO2,2,-,-,-,,-,-,-,-,-,-
179,PB15D,2,-,Comp_OF_PB15C,-,,-,-,T9,R8,U11,-
180,PB15A,2,-,True_OF_PB15B,-,,-,M6,W8,V7,P11,T11
181,GND,-,-,-,-,,+,-,-,-,-,-
182,PB15B,2,-,Comp_OF_PB15A,-,,+,L8,Y8,U8,R11,T10
183,NC,-,-,-,-,,+,-,-,-,-,-
184,PB16A,2,PCLKT2_0,True_OF_PB16B,-,,+,T7,W9,T8,V11,T9
185,GND,-,-,-,-,,-,-,-,-,-,-
186,PB16B,2,PCLKC2_0,Comp_OF_PB16A,-,,-,R8,Y9,T9,V10,R9
187,PB16C,2,-,True_OF_PB16D,-,,-,-,P10,R9,M10,-
188,VCCIO2,2,-,-,-,,-,-,-,-,-,-
189,PB16D,2,-,Comp_OF_PB16C,-,,-,-,R10,P9,N10,-
190,PB18A,2,-,True_OF_PB18B,-,,-,P8,Y10,V8,P10,N9
191,GND,-,-,-,-,,+,-,-,-,-,-
192,NC,-,-,-,-,,+,-,-,-,-,-
193,PB18B,2,-,Comp_OF_PB18A,-,,+,T8,W10,U9,R10,M9
194,PB18C,2,-,True_OF_PB18D,-,,+,N8,U10,N9,T10,P9
195,VCC,-,-,-,-,,+,-,-,-,-,-
196,PB18D,2,-,Comp_OF_PB18C,-,,+,L9,V10,N10,U10,P8
197,PB21C,2,-,True_OF_PB21D,-,,+,-,U11,T10,P9,-
198,GND,-,-,-,-,,-,-,-,-,-,-
199,PB21D,2,-,Comp_OF_PB21C,-,,-,-,T10,R10,N9,-
200,PB21A,2,-,True_OF_PB21B,-,,-,M8,Y11,V9,T9,R8
201,VCCIO2,2,-,-,-,,-,-,-,-,-,-
202,PB21B,2,-,Comp_OF_PB21A,-,,-,N9,W11,U10,R9,T8
203,NC,-,-,-,-,,-,-,-,-,-,-
204,PB23A,2,PCLKT2_1,True_OF_PB23B,-,,-,T9,Y12,V10,U9,T7
205,VCCIO2,2,-,-,-,,-,-,-,-,-,-
206,PB23B,2,PCLKC2_1,Comp_OF_PB23A,-,,-,P9,W12,U11,V9,R7
207,PB23C,2,-,True_OF_PB23D,-,,-,-,P11,P10,M9,-
208,VCC,-,-,-,-,,-,-,-,-,-,-
209,PB23D,2,-,Comp_OF_PB23C,-,,-,-,R11,T11,T8,-
210,PB26A,2,-,True_OF_PB26B,-,,-,R9,Y13,V11,R8,N8
211,VCC,-,-,-,-,,-,-,-,-,-,-
212,PB26B,2,-,Comp_OF_PB26A,-,,-,T10,W13,V12,P8,M8
213,PB26C,2,-,True_OF_PB26D,-,,-,M9,V12,N11,N8,T6
214,NC,-,-,-,-,,-,-,-,-,-,-
215,GND,-,-,-,-,,+,-,-,-,-,-
216,PB26D,2,-,Comp_OF_PB26C,-,,+,L10,V13,R11,M8,R6
217,PB28C,2,-,True_OF_PB28D,-,,+,-,U12,-,-,-
218,VCCIO2,2,-,-,-,,+,-,-,-,-,-
219,PB28D,2,-,Comp_OF_PB28C,-,,+,-,T11,-,-,-
220,PB28A,2,-,True_OF_PB28B,-,,+,N10,Y14,P11,U8,P7
221,NC,-,-,-,-,,+,-,-,-,-,-
222,VCCIO2,2,-,-,-,,+,-,-,-,-,-
223,PB28B,2,-,Comp_OF_PB28A,-,,+,M11,W14,T12,V8,P6
224,PB29A,2,-,True_OF_PB29B,-,,+,P10,Y15,U12,V7,T5
225,VCC,-,-,-,-,,+,-,-,-,-,-
226,PB29B,2,-,Comp_OF_PB29A,-,,+,R10,W15,V13,U7,R5
227,PB29C,2,-,True_OF_PB29D,-,,+,-,P12,-,-,-
228,GND,-,-,-,-,,-,-,-,-,-,-
229,PB29D,2,-,Comp_OF_PB29C,-,,-,-,R12,-,-,-
230,PB31A,2,-,True_OF_PB31B,-,,-,T11,Y16,U13,T7,N7
231,VCCIO2,2,-,-,-,,-,-,-,-,-,-
232,PB31B,2,-,Comp_OF_PB31A,-,,-,P11,W16,V14,R7,M7
233,PB31C,2,-,True_OF_PB31D,-,,-,M10,T12,R12,P7,T4
234,GND,-,-,-,-,,+,-,-,-,-,-
235,PB31D,2,-,Comp_OF_PB31C,-,,+,N11,T13,T13,N7,R4
236,PB32A,2,-,True_OF_PB32B,-,,+,-,Y17,T14,V6,-
237,GND,-,-,-,-,,-,-,-,-,-,-
238,PB32B,2,-,Comp_OF_PB32A,-,,-,-,W17,N12,U6,-
239,PB32C,2,-,True_OF_PB32D,-,,-,-,P13,-,-,-
240,GND,-,-,-,-,,+,-,-,-,-,-
241,PB32D,2,-,Comp_OF_PB32C,-,,+,-,R13,-,-,-
242,PB34C,2,-,True_OF_PB34D,-,,+,-,V15,-,-,-
243,VCCIO2,2,-,-,-,,+,-,-,-,-,-
244,PB34D,2,-,Comp_OF_PB34C,-,,+,-,V16,-,-,-
245,PB34A,2,-,True_OF_PB34B,-,,+,R13,V14,U14,T6,R3
246,VCCIO2,2,-,-,-,,+,-,-,-,-,-
247,PB34B,2,-,Comp_OF_PB34A,-,,+,T14,U14,V15,M7,T3
248,PB35A,2,-,True_OF_PB35B,-,,+,R11,Y18,U15,V5,M6
249,VCCIO2,2,-,-,-,,+,-,-,-,-,-
250,NC,-,-,-,-,,+,-,-,-,-,-
251,PB35B,2,-,Comp_OF_PB35A,-,,+,T12,W18,V16,U5,N6
252,PB35C,2,-,True_OF_PB35D,-,,+,-,T14,P12,T5,-
253,VCC,-,-,-,-,,+,-,-,-,-,-
254,PB35D,2,-,Comp_OF_PB35C,-,,+,-,U15,R14,R6,-
255,PB37A,2,-,True_OF_PB37B,-,,+,P12,Y19,T15,V4,R2
256,VCC,-,-,-,-,,+,-,-,-,-,-
257,PB37B,2,-,Comp_OF_PB37A,-,,+,T13,W19,T16,U4,T2
258,PB37C,2,-,True_OF_PB37D,-,,+,-,P14,R13,R5,-
259,GND,-,-,-,-,,-,-,-,-,-,-
260,PB37D,2,-,Comp_OF_PB37C,-,,-,-,R14,R15,T4,-
261,NC,-,-,-,-,,-,-,-,-,-,-
262,PB38A,2,SN,True_OF_PB38B,-,,-,R12,Y20,U16,V3,M5
263,VCCIO2,2,-,-,-,,-,-,-,-,-,-
264,PB38B,2,SI/SISPI,Comp_OF_PB38A,-,,-,P13,W20,V17,U3,N5
265,PB38C,2,-,True_OF_PB38D,-,,-,T15,T16,P13,V2,P5
266,NC,-,-,-,-,,-,-,-,-,-,-
267,GND,-,-,-,-,,+,-,-,-,-,-
268,PB38D,2,-,Comp_OF_PB38C,-,,+,R14,R15,P14,U2,P4
269,VCC,-,-,-,-,,+,-,-,-,-,-
270,PR25D,1,-,Comp_OF_PR25C,-,,-,R16,V17,T17,T3,N4
271,GND,-,-,-,-,,+,-,-,-,-,-
272,PR25B,1,-,Comp_OF_PR25A,-,,+,-,T17,U18,U1,-
273,PR25C,1,-,True_OF_PR25D,-,,+,P15,U17,R16,T2,P3
274,VCCIO1,1,-,-,-,,+,-,-,-,-,-
275,PR25A,1,-,True_OF_PR25B,-,,+,-,V19,P15,T1,-
276,PR24D,1,-,Comp_OF_PR24C,-,,+,-,R16,N14,R4,-
277,GND,-,-,-,-,,-,-,-,-,-,-
278,PR24B,1,-,Comp_OF_PR24A,-,,-,N14,U18,T18,R2,M4
279,PR24C,1,-,True_OF_PR24D,-,,-,-,P15,R17,R3,-
280,VCC,-,-,-,-,,-,-,-,-,-,-
281,PR24A,1,-,True_OF_PR24B,-,,-,N16,R17,P16,R1,N3
282,PR23D,1,-,Comp_OF_PR23C,-,,-,P16,N14,M13,P5,P2
283,VCCIO1,1,-,-,-,,-,-,-,-,-,-
284,PR23B,1,-,Comp_OF_PR23A,-,,-,M15,P16,N15,N6,N2
285,PR23C,1,-,True_OF_PR23D,-,,-,N15,N15,R18,P6,R1
286,VCCIO1,1,-,-,-,,-,-,-,-,-,-
287,PR23A,1,-,True_OF_PR23B,-,,-,M14,V20,P17,N5,M3
288,PR22D,1,-,Comp_OF_PR22C,-,,-,-,U19,N16,P4,-
289,GND,-,-,-,-,,+,-,-,-,-,-
290,PR22B,1,-,Comp_OF_PR22A,-,,+,-,P17,P18,P2,-
291,PR22C,1,-,True_OF_PR22D,-,,+,-,T18,M14,P3,-
292,GND,-,-,-,-,,-,-,-,-,-,-
293,PR22A,1,-,True_OF_PR22B,-,,-,-,U20,M15,P1,-
294,PR21D,1,-,Comp_OF_PR21C,-,,-,L13,T19,N17,N4,L4
295,VCCIO1,1,-,-,-,,-,-,-,-,-,-
296,PR21B,1,-,Comp_OF_PR21A,-,,-,M16,R19,N18,N2,P1
297,PR21C,1,-,True_OF_PR21D,-,,-,K11,T20,L14,N3,L3
298,GND,-,-,-,-,,+,-,-,-,-,-
299,PR21A,1,-,True_OF_PR21B,-,,+,L15,N16,M17,N1,N1
300,PR19D,1,-,Comp_OF_PR19C,-,,+,K12,M14,M18,M5,L5
301,GND,-,-,-,-,,-,-,-,-,-,-
302,PR19B,1,-,Comp_OF_PR19A,-,,-,-,R20,-,-,-
303,PR19C,1,-,True_OF_PR19D,-,,-,K13,M15,L18,M4,K4
304,VCCIO1,1,-,-,-,,-,-,-,-,-,-
305,PR19A,1,-,True_OF_PR19B,-,,-,-,P18,-,-,-
306,PR18D,1,-,Comp_OF_PR18C,-,,-,-,P19,-,-,-
307,GND,-,-,-,-,,+,-,-,-,-,-
308,PR18B,1,-,Comp_OF_PR18A,-,,+,L14,N17,M16,M3,M2
309,PR18C,1,-,True_OF_PR18D,-,,+,-,P20,-,-,-
310,VCC,-,-,-,-,,+,-,-,-,-,-
311,PR18A,1,-,True_OF_PR18B,-,,+,L16,N18,L17,L5,M1
312,PR17D,1,-,Comp_OF_PR17C,-,,+,L12,N19,L13,L4,K3
313,VCC,-,-,-,-,,+,-,-,-,-,-
314,PR17B,1,-,Comp_OF_PR17A,-,,+,K15,N20,L16,M2,L1
315,PR17C,1,-,True_OF_PR17D,-,,+,J11,M16,L15,L3,L2
316,VCCIO1,1,-,-,-,,+,-,-,-,-,-
317,PR17A,1,-,True_OF_PR17B,-,,+,K14,M17,K18,M1,K2
318,PR16D,1,-,Comp_OF_PR16C,-,,+,J13,M18,K13,K5,J3
319,VCCIO1,1,-,-,-,,+,-,-,-,-,-
320,PR16B,1,-,Comp_OF_PR16A,-,,+,K16,M19,K17,L2,K1
321,PR16C,1,-,True_OF_PR16D,-,,+,H11,L16,K12,K4,J4
322,GND,-,-,-,-,,-,-,-,-,-,-
323,PR16A,1,-,True_OF_PR16B,-,,-,J15,M20,K16,L1,J1
324,PR15D,1,-,Comp_OF_PR15C,-,,-,-,L15,-,-,-
325,VCC,-,-,-,-,,-,-,-,-,-,-
326,PR15B,1,-,Comp_OF_PR15A,-,,-,J14,L20,J18,K3,J2
327,PR15C,1,-,True_OF_PR15D,-,,-,-,L14,-,-,-
328,VCCIO1,1,-,-,-,,-,-,-,-,-,-
329,PR15A,1,-,True_OF_PR15B,-,,-,J16,L19,K14,K2,H1
330,PR12D,1,-,Comp_OF_PR12C,-,,-,-,L17,-,-,-
331,GND,-,-,-,-,,+,-,-,-,-,-
332,PR12B,1,PCLKC1_0,Comp_OF_PR12A,-,,+,H16,K20,K15,K1,G1
333,PR12C,1,-,True_OF_PR12D,-,,+,-,K16,-,-,-
334,NC,-,-,-,-,,+,-,-,-,-,-
335,PR12A,1,PCLKT1_0,True_OF_PR12B,-,,+,H14,K19,H18,J1,H2
336,NC,-,-,-,-,,+,-,-,-,-,-
337,PR11D,1,-,Comp_OF_PR11C,-,,+,J12,K18,J12,J5,H3
338,VCCIO1,1,-,-,-,,+,-,-,-,-,-
339,PR11B,1,-,Comp_OF_PR11A,-,,+,H15,J20,J17,J3,F1
340,PR11C,1,-,True_OF_PR11D,-,,+,H13,K17,J14,J4,H4
341,VCC,-,-,-,-,,+,-,-,-,-,-
342,PR11A,1,-,True_OF_PR11B,-,,+,G16,J19,J16,J2,G2
343,PR10D,1,-,Comp_OF_PR10C,-,,+,H12,K15,G18,H3,F2
344,NC,-,-,-,-,,+,-,-,-,-,-
345,PR10B,1,-,Comp_OF_PR10A,-,,+,-,J16,-,-,-
346,PR10C,1,-,True_OF_PR10D,-,,+,G11,K14,J13,H4,E1
347,GND,-,-,-,-,,-,-,-,-,-,-
348,PR10A,1,-,True_OF_PR10B,-,,-,-,J18,-,-,-
349,PR9D,1,-,Comp_OF_PR9C,-,,-,-,H20,-,-,-
350,GND,-,-,-,-,,+,-,-,-,-,-
351,PR9B,1,-,Comp_OF_PR9A,-,,+,G14,H19,H17,H2,G3
352,PR9C,1,-,True_OF_PR9D,-,,+,-,J17,-,-,-
353,VCCIO1,1,-,-,-,,+,-,-,-,-,-
354,PR9A,1,-,True_OF_PR9B,-,,+,G15,H18,J15,H1,G4
355,PR8D,1,-,Comp_OF_PR8C,-,,+,-,G20,F18,H5,-
356,VCCIO1,1,-,-,-,,+,-,-,-,-,-
357,PR8B,1,-,Comp_OF_PR8A,-,,+,-,H17,G17,G2,-
358,PR8C,1,-,True_OF_PR8D,-,,+,-,H16,H16,G3,-
359,GND,-,-,-,-,,-,-,-,-,-,-
360,PR8A,1,-,True_OF_PR8B,-,,-,-,G19,E18,G1,-
361,PR7D,1,-,Comp_OF_PR7C,-,,-,G13,J15,F17,G4,E3
362,VCC,-,-,-,-,,-,-,-,-,-,-
363,PR7B,1,-,Comp_OF_PR7A,-,,-,F16,F20,H15,F2,E2
364,PR7C,1,-,True_OF_PR7D,-,,-,F12,J14,H14,G5,F3
365,GND,-,-,-,-,,+,-,-,-,-,-
366,PR7A,1,-,True_OF_PR7B,-,,+,F14,F19,G16,F1,D1
367,PR6D,1,-,Comp_OF_PR6C,-,,+,G12,E20,D18,F4,G5
368,VCCIO1,1,-,-,-,,+,-,-,-,-,-
369,PR6B,1,-,Comp_OF_PR6A,-,,+,-,F18,-,-,-
370,PR6C,1,-,True_OF_PR6D,-,,+,F13,G17,E17,F3,F4
371,VCC,-,-,-,-,,+,-,-,-,-,-
372,PR6A,1,-,True_OF_PR6B,-,,+,-,G16,-,-,-
373,PR5D,1,-,Comp_OF_PR5C,-,,+,-,E19,-,-,-
374,VCC,-,-,-,-,,+,-,-,-,-,-
375,PR5B,1,-,Comp_OF_PR5A,-,,+,F15,F17,F16,E2,C1
376,PR5C,1,-,True_OF_PR5D,-,,+,-,D20,-,-,-
377,GND,-,-,-,-,,-,-,-,-,-,-
378,PR5A,1,-,True_OF_PR5B,-,,-,E16,D19,G15,E1,D2
379,PR4D,1,-,Comp_OF_PR4C,-,,-,D15,H15,H13,E3,C3
380,GND,-,-,-,-,,+,-,-,-,-,-
381,PR4B,1,-,Comp_OF_PR4A,-,,+,-,C20,D17,D2,-
382,PR4C,1,-,True_OF_PR4D,-,,+,C16,H14,E16,F5,D3
383,VCCIO1,1,-,-,-,,+,-,-,-,-,-
384,PR4A,1,-,True_OF_PR4B,-,,+,-,B20,F15,D1,-
385,PR3D,1,-,Comp_OF_PR3C,-,,+,-,D18,G14,D3,-
386,VCC,-,-,-,-,,+,-,-,-,-,-
387,PR3B,1,R_GPLLC_IN,Comp_OF_PR3A,-,,+,E14,E17,C18,C1,C2
388,PR3C,1,-,True_OF_PR3D,-,,+,-,F16,G13,C2,-
389,GND,-,-,-,-,,-,-,-,-,-,-
390,PR3A,1,R_GPLLT_IN,True_OF_PR3B,-,,-,D16,C19,E15,B1,B1
391,PR2D,1,-,Comp_OF_PR2C,-,,-,B16,G15,D16,E4,E4
392,VCCIO1,1,-,-,-,,-,-,-,-,-,-
393,PR2B,1,R_GPLLC_FB,Comp_OF_PR2A,-,,-,E15,C18,C17,F6,B2
394,PR2C,1,-,True_OF_PR2D,-,,-,C15,F15,F14,E5,D4
395,GND,-,-,-,-,,+,-,-,-,-,-
396,PR2A,1,R_GPLLT_FB,True_OF_PR2B,-,,+,D14,D17,B18,G7,A2
397,NC,-,-,-,-,,+,-,-,-,-,-
398,VCC,-,-,-,-,,+,-,-,-,-,-
399,PT36B,0,-,Comp_OF_PT36A,TRUE,,-,A15,A20,A17,A2,B3
400,GND,-,-,-,-,,+,-,-,-,-,-
401,NC,-,-,-,-,,+,-,-,-,-,-
402,PT36D,0,DONE,Comp_OF_PT36C,-,,+,C13,A19,E14,D4,D5
403,PT36A,0,-,True_OF_PT36B,TRUE,,+,B14,B19,B16,B2,A3
404,VCCIO0,0,-,-,-,,+,-,-,-,-,-
405,PT36C,0,INITN,True_OF_PT36D,-,,+,A13,C17,C16,C3,C4
406,PT35D,0,-,Comp_OF_PT35C,-,,+,-,F14,D15,D5,-
407,GND,-,-,-,-,,-,-,-,-,-,-
408,NC,-,-,-,-,,-,-,-,-,-,-
409,PT35B,0,-,Comp_OF_PT35A,TRUE,,-,B12,D16,A16,B3,B4
410,PT35C,0,-,True_OF_PT35D,-,,-,-,G14,D14,C4,-
411,VCC,-,-,-,-,,-,-,-,-,-,-
412,PT35A,0,-,True_OF_PT35B,TRUE,,-,C12,E15,A15,A3,A4
413,PT34B,0,-,Comp_OF_PT34A,TRUE,,-,A14,B18,C15,B4,E5
414,VCC,-,-,-,-,,-,-,-,-,-,-
415,NC,-,-,-,-,,-,-,-,-,-,-
416,PT34D,0,-,Comp_OF_PT34C,-,,-,-,D15,E13,E6,-
417,PT34A,0,-,True_OF_PT34B,TRUE,,-,B13,A18,C14,A4,E6
418,VCCIO0,0,-,-,-,,-,-,-,-,-,-
419,PT34C,0,-,True_OF_PT34D,-,,-,-,E14,D13,C5,-
420,PT33D,0,-,Comp_OF_PT33C,-,,-,-,F13,F12,C6,-
421,VCCIO0,0,-,-,-,,-,-,-,-,-,-
422,PT33B,0,-,Comp_OF_PT33A,TRUE,,-,A12,C16,B15,B5,C5
423,PT33C,0,-,True_OF_PT33D,-,,-,-,G13,E12,D6,-
424,NC,-,-,-,-,,-,-,-,-,-,-
425,GND,-,-,-,-,,+,-,-,-,-,-
426,PT33A,0,-,True_OF_PT33B,TRUE,,+,B11,C15,B14,A5,D6
427,PT32B,0,-,Comp_OF_PT32A,TRUE,,+,D11,B17,C13,B6,B5
428,VCC,-,-,-,-,,+,-,-,-,-,-
429,PT32D,0,-,Comp_OF_PT32C,-,,+,-,D14,-,-,-
430,PT32A,0,-,True_OF_PT32B,TRUE,,+,F10,A17,F11,A6,A5
431,NC,-,-,-,-,,+,-,-,-,-,-
432,VCCIO0,0,-,-,-,,+,-,-,-,-,-
433,PT32C,0,-,True_OF_PT32D,-,,+,-,C14,-,-,-
434,PT28D,0,-,Comp_OF_PT28C,-,,+,-,F12,-,-,-
435,GND,-,-,-,-,,-,-,-,-,-,-
436,PT28B,0,-,Comp_OF_PT28A,TRUE,,-,C11,B16,A14,C7,B6
437,PT28C,0,-,True_OF_PT28D,-,,-,-,G12,-,-,-
438,VCCIO0,0,-,-,-,,-,-,-,-,-,-
439,PT28A,0,-,True_OF_PT28B,TRUE,,-,A11,A16,A13,D7,A6
440,PT27B,0,-,Comp_OF_PT27A,TRUE,,-,E10,B15,B13,B7,E7
441,GND,-,-,-,-,,+,-,-,-,-,-
442,NC,-,-,-,-,,+,-,-,-,-,-
443,PT27D,0,PROGRAMN,Comp_OF_PT27C,-,,+,B10,D13,D12,E7,C6
444,PT27A,0,-,True_OF_PT27B,TRUE,,+,D10,A15,C12,A7,D7
445,VCC,-,-,-,-,,+,-,-,-,-,-
446,NC,-,-,-,-,,+,-,-,-,-,-
447,PT27C,0,JTAGENB,True_OF_PT27D,-,,+,C10,C13,D11,F7,C7
448,PT26B,0,-,Comp_OF_PT26A,TRUE,,+,E11,B14,A12,F8,A7
449,VCCIO0,0,-,-,-,,+,-,-,-,-,-
450,PT26D,0,-,Comp_OF_PT26C,-,,+,-,C12,E11,D8,-
451,PT26A,0,-,True_OF_PT26B,TRUE,,+,F9,A14,A11,G8,B7
452,VCCIO0,0,-,-,-,,+,-,-,-,-,-
453,PT26C,0,-,True_OF_PT26D,-,,+,-,D12,E10,E8,-
454,PT25D,0,-,Comp_OF_PT25C,-,,+,-,F11,F10,G9,-
455,GND,-,-,-,-,,-,-,-,-,-,-
456,NC,-,-,-,-,,-,-,-,-,-,-
457,PT25B,0,-,Comp_OF_PT25A,TRUE,,-,A10,B13,C11,B8,E8
458,PT25C,0,-,True_OF_PT25D,-,,-,-,G11,F9,C8,-
459,VCCIO0,0,-,-,-,,-,-,-,-,-,-
460,PT25A,0,-,True_OF_PT25B,TRUE,,-,B9,A13,B12,A8,D8
461,PT22B,0,-,Comp_OF_PT22A,TRUE,,-,D9,B12,B11,F9,C8
462,GND,-,-,-,-,,+,-,-,-,-,-
463,NC,-,-,-,-,,+,-,-,-,-,-
464,PT22D,0,SDA/PCLKC0_0,Comp_OF_PT22C,-,,+,C9,D11,D10,A9,B8
465,PT22A,0,-,True_OF_PT22B,TRUE,,+,F8,A12,C10,E9,C9
466,VCC,-,-,-,-,,+,-,-,-,-,-
467,NC,-,-,-,-,,+,-,-,-,-,-
468,PT22C,0,SCL/PCLKT0_0,True_OF_PT22D,-,,+,A9,C11,E9,B9,A8
469,PT21B,0,-,Comp_OF_PT21A,TRUE,,+,E9,A11,B10,C10,D9
470,GND,-,-,-,-,,-,-,-,-,-,-
471,PT21D,0,-,Comp_OF_PT21C,-,,-,-,C10,D9,D9,-
472,PT21A,0,-,True_OF_PT21B,TRUE,,-,D8,B11,A10,D10,E9
473,NC,-,-,-,-,,-,-,-,-,-,-
474,VCCIO0,0,-,-,-,,-,-,-,-,-,-
475,PT21C,0,-,True_OF_PT21D,-,,-,-,D10,C9,C9,-
476,PT18D,0,-,Comp_OF_PT18C,-,,-,-,F10,F8,E10,-
477,VCC,-,-,-,-,,-,-,-,-,-,-
478,NC,-,-,-,-,,-,-,-,-,-,-
479,PT18B,0,PCLKC0_1,Comp_OF_PT18A,TRUE,,-,A8,A10,B9,B10,A9
480,PT18C,0,-,True_OF_PT18D,-,,-,-,G10,E8,F10,-
481,GND,-,-,-,-,,+,-,-,-,-,-
482,PT18A,0,PCLKT0_1,True_OF_PT18B,TRUE,,+,C8,B10,A9,A10,B9
483,PT17B,0,-,Comp_OF_PT17A,TRUE,,+,E8,A9,A8,G10,A10
484,NC,-,-,-,-,,+,-,-,-,-,-
485,NC,-,-,-,-,,+,-,-,-,-,-
486,PT17D,0,TMS,Comp_OF_PT17C,-,,+,B8,D9,C8,E11,C11
487,PT17A,0,-,True_OF_PT17B,TRUE,,+,F7,B9,B8,G11,B10
488,VCCIO0,0,-,-,-,,+,-,-,-,-,-
489,PT17C,0,TCK,True_OF_PT17D,-,,+,A7,C9,C7,F11,C10
490,NC,-,-,-,-,,+,-,-,-,-,-
491,PT16B,0,-,Comp_OF_PT16A,TRUE,,+,D7,A8,E7,D11,B11
492,GND,-,-,-,-,,-,-,-,-,-,-
493,PT16D,0,-,Comp_OF_PT16C,-,,-,-,C8,-,-,-
494,PT16A,0,-,True_OF_PT16B,TRUE,,-,E6,B8,D8,C11,A11
495,VCCIO0,0,-,-,-,,-,-,-,-,-,-
496,NC,-,-,-,-,,-,-,-,-,-,-
497,PT16C,0,-,True_OF_PT16D,-,,-,-,D8,-,E12,-
498,PT15D,0,-,Comp_OF_PT15C,-,,-,-,F9,-,-,-
499,VCCIO0,0,-,-,-,,-,-,-,-,-,-
500,PT15B,0,-,Comp_OF_PT15A,TRUE,,-,C7,A7,B7,B11,A12
501,PT15C,0,-,True_OF_PT15D,-,,-,-,G9,-,-,-
502,VCC,-,-,-,-,,-,-,-,-,-,-
503,PT15A,0,-,True_OF_PT15B,TRUE,,-,B7,B7,A7,A11,B12
504,PT14B,0,-,Comp_OF_PT14A,TRUE,,-,E7,A6,A6,B12,D10
505,GND,-,-,-,-,,+,-,-,-,-,-
506,NC,-,-,-,-,,+,-,-,-,-,-
507,PT14D,0,TDI,Comp_OF_PT14C,-,,+,A6,C7,C6,D12,C12
508,PT14A,0,-,True_OF_PT14B,TRUE,,+,D6,B6,B6,A12,E10
509,VCCIO0,0,-,-,-,,+,-,-,-,-,-
510,PT14C,0,TDO,True_OF_PT14D,-,,+,C6,E8,D7,C12,D11
511,NC,-,-,-,-,,+,-,-,-,-,-
512,PT13D,0,-,Comp_OF_PT13C,-,,+,-,F8,-,-,-
513,VCCIO0,0,-,-,-,,+,-,-,-,-,-
514,PT13B,0,-,Comp_OF_PT13A,TRUE,,+,-,A5,D6,A13,-
515,PT13C,0,-,True_OF_PT13D,-,,+,-,G8,-,-,-
516,GND,-,-,-,-,,-,-,-,-,-,-
517,NC,-,-,-,-,,-,-,-,-,-,-
518,PT13A,0,-,True_OF_PT13B,TRUE,,-,-,B5,C5,B13,-
519,PT12B,0,-,Comp_OF_PT12A,TRUE,,-,B4,A4,A5,B14,D12
520,GND,-,-,-,-,,+,-,-,-,-,-
521,PT12D,0,-,Comp_OF_PT12C,-,,+,-,D7,-,-,-
522,PT12A,0,-,True_OF_PT12B,TRUE,,+,A3,B4,A4,A14,C13
523,VCCIO0,0,-,-,-,,+,-,-,-,-,-
524,NC,-,-,-,-,,+,-,-,-,-,-
525,PT12C,0,-,True_OF_PT12D,-,,+,-,C6,-,C13,-
526,PT11D,0,-,Comp_OF_PT11C,-,,+,-,E7,B5,D13,-
527,VCCIO0,0,-,-,-,,+,-,-,-,-,-
528,PT11B,0,-,Comp_OF_PT11A,TRUE,,+,B6,A3,B4,B15,B13
529,PT11C,0,-,True_OF_PT11D,-,,+,-,D6,D5,C14,-
530,VCC,-,-,-,-,,+,-,-,-,-,-
531,NC,-,-,-,-,,+,-,-,-,-,-
532,PT11A,0,-,True_OF_PT11B,TRUE,,+,A5,B3,A3,A15,A13
533,PT10D,0,-,Comp_OF_PT10C,-,,+,-,D5,E6,F12,-
534,GND,-,-,-,-,,-,-,-,-,-,-
535,PT10B,0,-,Comp_OF_PT10A,TRUE,,-,C5,A2,C4,B16,E11
536,PT10C,0,-,True_OF_PT10D,-,,-,-,E6,F7,E13,-
537,NC,-,-,-,-,,-,-,-,-,-,-
538,NC,-,-,-,-,,-,-,-,-,-,-
539,PT10A,0,-,True_OF_PT10B,TRUE,,-,A4,B2,C3,A16,E12
540,PT9D,0,-,Comp_OF_PT9C,-,,-,-,F7,E5,D14,-
541,VCCIO0,0,-,-,-,,-,-,-,-,-,-
542,NC,-,-,-,-,,-,-,-,-,-,-
543,PT9B,0,-,Comp_OF_PT9A,TRUE,,-,B5,A1,B3,B17,B14
544,PT9C,0,-,True_OF_PT9D,-,,-,B3,G7,D4,C15,A15
545,GND,-,-,-,-,,+,-,-,-,-,-
546,PT9A,0,-,True_OF_PT9B,TRUE,,+,C4,B1,A2,A17,A14
547,VCC,-,-,-,-,,+,-,-,-,-,-
0,GND,-,-,-,-,,-,R15,C5,V18,A1,A1
0,GND,-,-,-,-,,-,R2,D3,V1,A18,A16
0,GND,-,-,-,-,,-,P14,D4,U2,F13,F5
0,GND,-,-,-,-,,-,P3,E5,U17,G6,F10
0,GND,-,-,-,-,,-,N13,E9,N13,H12,G7
0,GND,-,-,-,-,,-,N4,E10,N6,H7,G8
0,GND,-,-,-,-,,-,M12,E11,K10,J13,G9
0,GND,-,-,-,-,,-,M5,E12,K9,J7,G10
0,GND,-,-,-,-,,-,L11,E13,J10,K11,G11
0,GND,-,-,-,-,,-,L6,E16,J9,K7,H6
0,GND,-,-,-,-,,-,J9,E18,F13,L12,H11
0,GND,-,-,-,-,,-,J8,G18,F6,L7,J6
0,GND,-,-,-,-,,-,H9,H5,B2,M6,J11
0,GND,-,-,-,-,,-,H8,K3,B17,N13,K5
0,GND,-,-,-,-,,-,F11,K10,A18,V1,K6
0,GND,-,-,-,-,,-,F6,L8,A1,V18,K7
0,GND,-,-,-,-,,-,E12,L10,-,-,K8
0,GND,-,-,-,-,,-,E5,L11,-,-,K9
0,GND,-,-,-,-,,-,D13,K11,-,-,K10
0,GND,-,-,-,-,,-,D4,L18,-,-,K11
0,GND,-,-,-,-,,-,C14,M11,-,-,K12
0,GND,-,-,-,-,,-,C3,N7,-,-,L6
0,GND,-,-,-,-,,-,B15,R18,-,-,T1
0,GND,-,-,-,-,,-,B2,T15,-,-,T16
0,GND,-,-,-,-,,-,-,U3,-,-,-
0,GND,-,-,-,-,,-,-,U7,-,-,-
0,GND,-,-,-,-,,-,-,U8,-,-,-
0,GND,-,-,-,-,,-,-,U13,-,-,-
0,GND,-,-,-,-,,-,-,U16,-,-,-
0,GND,-,-,-,-,,-,-,V5,-,-,-
0,GND,-,-,-,-,,-,-,V7,-,-,-
0,GND,-,-,-,-,,-,-,V11,-,-,-
0,GND,-,-,-,-,,-,-,V18,-,-,-
0,GND,-,-,-,-,,-,-,-,-,-,-
0,GND,-,-,-,-,,-,-,-,-,-,-
0,GND,-,-,-,-,,-,-,-,-,-,-
0,GND,-,-,-,-,,-,-,-,-,-,-
0,GND,-,-,-,-,,-,-,-,-,-,-
0,GND,-,-,-,-,,-,-,-,-,-,-
0,GND,-,-,-,-,,-,-,-,-,-,-
0,GND,-,-,-,-,,-,-,-,-,-,-
0,GND,-,-,-,-,,-,-,-,-,-,-
0,GND,-,-,-,-,,-,-,-,-,-,-
0,GND,-,-,-,-,,-,-,-,-,-,-
0,GND,-,-,-,-,,-,-,-,-,-,-
0,GND,-,-,-,-,,-,-,-,-,-,-
0,GND,-,-,-,-,,-,-,-,-,-,-
0,GND,-,-,-,-,,-,-,-,-,-,-
0,GND,-,-,-,-,,-,-,-,-,-,-
0,GND,-,-,-,-,,-,-,-,-,-,-
0,GND,-,-,-,-,,-,-,-,-,-,-
0,GND,-,-,-,-,,-,-,-,-,-,-
0,VCC,-,-,-,-,,-,T16,H12,M12,J10,H7
0,VCC,-,-,-,-,,-,T1,H13,L9,J11,H8
0,VCC,-,-,-,-,,-,K10,J9,L8,J12,H9
0,VCC,-,-,-,-,,-,K7,J10,L11,J8,H10
0,VCC,-,-,-,-,,-,G10,J11,L10,J9,J7
0,VCC,-,-,-,-,,-,G7,K12,H9,K10,J8
0,VCC,-,-,-,-,,-,A16,L9,H8,K8,J9
0,VCC,-,-,-,-,,-,A1,L12,H11,K9,J10
0,VCC,-,-,-,-,,-,-,M10,H10,-,-
0,VCC,-,-,-,-,,-,-,M12,G12,-,-
0,VCC,-,-,-,-,,-,-,-,-,-,-
0,VCC,-,-,-,-,,-,-,-,-,-,-
0,VCC,-,-,-,-,,-,-,-,-,-,-
0,VCC,-,-,-,-,,-,-,-,-,-,-
0,VCCIO0,0,-,-,-,,-,G9,H8,G8,H10,F6
0,VCCIO0,0,-,-,-,,-,G8,H9,G9,H11,F7
0,VCCIO0,0,-,-,-,,-,D12,H10,G10,H8,F8
0,VCCIO0,0,-,-,-,,-,D5,H11,G11,H9,F9
0,VCCIO0,0,-,-,-,,-,-,J12,-,-,-
0,VCCIO0,0,-,-,-,,-,-,-,-,-,-
0,VCCIO0,0,-,-,-,,-,-,-,-,-,-
0,VCCIO0,0,-,-,-,,-,-,-,-,-,-
0,VCCIO0,0,-,-,-,,-,-,-,-,-,-
0,VCCIO0,0,-,-,-,,-,-,-,-,-,-
0,VCCIO0,0,-,-,-,,-,-,-,-,-,-
0,VCCIO0,0,-,-,-,,-,-,-,-,-,-
0,VCCIO1,1,-,-,-,,-,M13,J13,L12,H6,G6
0,VCCIO1,1,-,-,-,,-,J10,K13,K11,J6,H5
0,VCCIO1,1,-,-,-,,-,H10,L13,J11,K6,J5
0,VCCIO1,1,-,-,-,,-,E13,M13,H12,L6,-
0,VCCIO1,1,-,-,-,,-,-,N13,-,-,-
0,VCCIO1,1,-,-,-,,-,-,-,-,-,-
0,VCCIO1,1,-,-,-,,-,-,-,-,-,-
0,VCCIO1,1,-,-,-,,-,-,-,-,-,-
0,VCCIO1,1,-,-,-,,-,-,-,-,-,-
0,VCCIO1,1,-,-,-,,-,-,-,-,-,-
0,VCCIO1,1,-,-,-,,-,-,-,-,-,-
0,VCCIO1,1,-,-,-,,-,-,-,-,-,-
0,VCCIO2,2,-,-,-,,-,N12,N8,M9,L10,L7
0,VCCIO2,2,-,-,-,,-,N5,N9,M8,L11,L8
0,VCCIO2,2,-,-,-,,-,K9,N10,M11,L8,L9
0,VCCIO2,2,-,-,-,,-,K8,N11,M10,L9,L10
0,VCCIO2,2,-,-,-,,-,-,N12,-,-,-
0,VCCIO2,2,-,-,-,,-,-,-,-,-,-
0,VCCIO2,2,-,-,-,,-,-,-,-,-,-
0,VCCIO2,2,-,-,-,,-,-,-,-,-,-
0,VCCIO2,2,-,-,-,,-,-,-,-,-,-
0,VCCIO2,2,-,-,-,,-,-,-,-,-,-
0,VCCIO2,2,-,-,-,,-,-,-,-,-,-
0,VCCIO2,2,-,-,-,,-,-,-,-,-,-
0,VCCIO3,3,-,-,-,,-,M4,M8,L7,L13,L11
0,VCCIO3,3,-,-,-,,-,-,M9,M7,M13,L12
0,VCCIO3,3,-,-,-,,-,-,-,-,-,-
0,VCCIO3,3,-,-,-,,-,-,-,-,-,-
0,VCCIO4,4,-,-,-,,-,J7,K8,J8,K12,H12
0,VCCIO4,4,-,-,-,,-,H7,K9,K8,K13,J12
0,VCCIO4,4,-,-,-,,-,-,-,-,-,-
0,VCCIO4,4,-,-,-,,-,-,-,-,-,-
0,VCCIO4,4,-,-,-,,-,-,-,-,-,-
0,VCCIO5,5,-,-,-,,-,E4,J7,G7,G13,F11
0,VCCIO5,5,-,-,-,,-,-,J8,H7,H13,G12
0,VCCIO5,5,-,-,-,,-,-,-,-,-,-
0,VCCIO5,5,-,-,-,,-,-,-,-,-,-
0,NC,0,-,-,-,,-,A2,-,-,-,-
0,NC,0,-,-,-,,-,-,-,-,-,-
0,NC,0,-,-,-,,-,-,-,-,-,-
0,NC,0,-,-,-,,-,-,-,-,-,-
0,NC,0,-,-,-,,-,-,-,-,-,-
0,NC,0,-,-,-,,-,-,-,-,-,-
0,NC,0,-,-,-,,-,-,-,-,-,-
0,NC,0,-,-,-,,-,-,-,-,-,-
0,NC,0,-,-,-,,-,-,-,-,-,-
0,NC,0,-,-,-,,-,-,-,-,-,-
0,NC,0,-,-,-,,-,-,-,-,-,-
0,NC,0,-,-,-,,-,-,-,-,-,-
0,NC,1,-,-,-,,-,-,-,-,-,-
0,NC,1,-,-,-,,-,-,-,-,-,-
0,NC,1,-,-,-,,-,-,-,-,-,-
0,NC,1,-,-,-,,-,-,-,-,-,-
0,NC,1,-,-,-,,-,-,-,-,-,-
0,NC,1,-,-,-,,-,-,-,-,-,-
0,NC,1,-,-,-,,-,-,-,-,-,-
0,NC,1,-,-,-,,-,-,-,-,-,-
0,NC,1,-,-,-,,-,-,-,-,-,-
0,NC,1,-,-,-,,-,-,-,-,-,-
0,NC,1,-,-,-,,-,-,-,-,-,-
0,NC,1,-,-,-,,-,-,-,-,-,-
0,NC,2,-,-,-,,-,-,-,-,-,-
0,NC,2,-,-,-,,-,-,-,-,-,-
0,NC,2,-,-,-,,-,-,-,-,-,-
0,NC,2,-,-,-,,-,-,-,-,-,-
0,NC,2,-,-,-,,-,-,-,-,-,-
0,NC,2,-,-,-,,-,-,-,-,-,-
0,NC,2,-,-,-,,-,-,-,-,-,-
0,NC,2,-,-,-,,-,-,-,-,-,-
0,NC,2,-,-,-,,-,-,-,-,-,-
0,NC,2,-,-,-,,-,-,-,-,-,-
0,NC,2,-,-,-,,-,-,-,-,-,-
0,NC,2,-,-,-,,-,-,-,-,-,-
0,NC,3,-,-,-,,-,-,-,-,-,-
0,NC,3,-,-,-,,-,-,-,-,-,-
0,NC,3,-,-,-,,-,-,-,-,-,-
0,NC,3,-,-,-,,-,-,-,-,-,-
0,NC,5,-,-,-,,-,-,-,-,-,-
0,NC,5,-,-,-,,-,-,-,-,-,-
0,NC,3,-,-,-,,-,-,-,-,-,-
0,NC,3,-,-,-,,-,-,-,-,-,-
0,NC,3,-,-,-,,-,-,-,-,-,-
0,NC,3,-,-,-,,-,-,-,-,-,-
0,NC,5,-,-,-,,-,-,-,-,-,-
0,NC,5,-,-,-,,-,-,-,-,-,-
0,VCC,-,-,-,-,,-,-,-,-,-,-
0,VCC,-,-,-,-,,-,-,-,-,-,-
0,NC,-,-,-,-,,-,-,-,-,-,-
